-- ═══════════════════════════════════════════════════════════════════
--  KICKUP — Seed
--  Runs on: supabase db reset
--  Wipes app data, deletes all users/profiles except ac4167a1-be96-4852-9655-d520227e2d70, inserts dummy data.
--  100 players · 16 teams · 25 completed matches · 1 tournament (4 groups of 4)
--  Password for all accounts: kickup123
-- ═══════════════════════════════════════════════════════════════════

-- ─── 1. WIPE ───────────────────────────────────────────────────────
DELETE FROM notifications;
DELETE FROM match_events;
DELETE FROM match_lineups;
DELETE FROM match_proposals;
DELETE FROM tournament_matches;
DELETE FROM tournament_groups;
DELETE FROM tournament_registrations;
DELETE FROM tournaments;
DELETE FROM matches;
DELETE FROM team_members;
DELETE FROM teams;
DELETE FROM owner_applications;
DELETE FROM auth.users
WHERE aud = 'authenticated'
  AND id != 'ac4167a1-be96-4852-9655-d520227e2d70'::uuid;

-- ─── 2. AUTH USERS (DO block — 100 players) ───────────────────────
DO $$
DECLARE
  names      text[] := ARRAY[
    -- Team 1 – Kolonaki Kings 7v7 (p01-07)
    'Nikos Papadopoulos','Giorgos Athanasiou','Dimitris Karamanlis',
    'Kostas Petridis','Alexis Panagiotou','Stelios Kyriakidis','Yannis Tsoukalas',
    -- Team 2 – Piraeus Sharks 7v7 (p08-14)
    'Giorgos Stavridis','Manos Nikolaou','Tasos Giannakis',
    'Christos Bouras','Vasilis Karagiannis','Lefteris Antonopoulos','Spyros Sioutis',
    -- Team 3 – Athens Warriors 7v7 (p15-21)
    'Alexis Dimos','Thanos Theodorakis','Stratos Mavridis',
    'Makis Papadakis','Pantelis Galanis','Fotis Ziogas','Aris Tsakalidis',
    -- Team 4 – South Eagles 7v7 (p22-28)
    'Kostas Balasis','Petros Lamprou','Sakis Papanikolaou',
    'Takis Zacharopoulos','Miltos Hatzigiannakis','Andreas Deligiannis','Vangelis Manolas',
    -- Team 5 – North Stars 7v7 (p29-35)
    'Yannis Kontogiannis','Apostolis Vassilakis','Nikos Kolokythas',
    'Haris Triantafyllou','Giorgos Papageorgiou','Christos Kaklamanis','Dimitris Karanikolas',
    -- Team 6 – Pangrati FC 7v7 (p36-42)
    'Spyros Dimou','Stavros Alexiou','Manos Christopoulos',
    'Tasos Mitsos','Thanasis Vassilakis','Pavlos Giannakis','Vangelis Kyriakidis',
    -- Team 7 – Old City Wolves 7v7 (p43-49)
    'Petros Stavros','Nikos Athanasiou','Kostas Triantafyllou',
    'Giorgos Sioutis','Alexis Theodorakis','Miltos Lamprou','Takis Manolas',
    -- Team 8 – Southside United 7v7 (p50-56)
    'Yannis Papageorgiou','Haris Karagiannis','Christos Nikolaou',
    'Vasilis Dimos','Stratos Kontogiannis','Lefteris Kaklamanis','Sakis Panagiotou',
    -- Team 9 – Maroussi Strikers 5v5 (p57-61)
    'Aris Vassilakis','Fotis Petridis','Apostolis Bouras','Manos Tsakalidis','Stavros Ziogas',
    -- Team 10 – Kallithea FC 6v6 (p62-67)
    'Makis Papadopoulos','Thanos Galanis','Andreas Mavridis',
    'Ntelis Balasis','Giorgos Karanikolas','Petros Deligiannis',
    -- Freelancers (p68-100)
    'Spyros Theodoropoulos','Nikos Vamvakousis','Giorgos Mavroudis','Alexis Sourlas',
    'Dimitris Fountas','Kostas Skouloudelis','Yannis Metaxas','Petros Katsaros',
    'Stelios Panopoulos','Manos Konstantinou','Tasos Athanasiadis','Christos Papadimitriou',
    'Vasilis Sotiropoulos','Lefteris Ekonomou','Spyros Katsikis','Haris Skordas',
    'Giorgos Vrettakos','Nikos Mouratidis','Apostolis Oikonomou','Miltos Chatzipetros',
    'Takis Sarantidis','Pantelis Bampalis','Stratos Georgopoulos','Thanos Boukouvalas',
    'Makis Sideris','Andreas Raptis','Aris Kourelas','Fotis Douros',
    'Vangelis Stathis','Stavros Kapetanakis','Pavlos Nikopoulos','Yannis Mourtzis',
    'Christos Katsoulas'
  ];
  positions  text[] := ARRAY[
    'FWD','MID','DEF','GK','MID','FWD','DEF',   -- t1
    'GK','DEF','MID','FWD','MID','DEF','FWD',   -- t2
    'MID','FWD','DEF','GK','MID','DEF','FWD',   -- t3
    'GK','DEF','MID','FWD','DEF','MID','FWD',   -- t4
    'MID','DEF','FWD','GK','MID','DEF','FWD',   -- t5
    'FWD','GK','DEF','MID','FWD','DEF','MID',   -- t6
    'MID','FWD','DEF','GK','MID','DEF','FWD',   -- t7
    'DEF','FWD','MID','GK','DEF','FWD','MID',   -- t8
    'FWD','GK','DEF','MID','FWD',               -- t9
    'MID','DEF','FWD','GK','MID','DEF',         -- t10
    -- freelancers: varied
    'MID','FWD','DEF','GK','MID','FWD','DEF','MID',
    'GK','FWD','DEF','MID','FWD','DEF','GK','MID',
    'FWD','DEF','MID','GK','FWD','MID','DEF','FWD',
    'MID','DEF','FWD','GK','MID','FWD','DEF','MID',
    'FWD'
  ];
  areas      text[] := ARRAY[
    'Kolonaki','Kolonaki','Kolonaki','Syntagma','Plaka','Kolonaki','Monastiraki', -- t1
    'Piraeus','Piraeus','Piraeus','Nikaia','Keratsini','Piraeus','Koridallos',     -- t2
    'Exarcheia','Exarcheia','Omonia','Exarcheia','Omonia','Exarcheia','Exarcheia', -- t3
    'Glyfada','Glyfada','Voula','Glyfada','Alimos','Elliniko','Glyfada',          -- t4
    'Kifisia','Kifisia','Chalandri','Maroussi','Kifisia','Ekali','Vrilissia',      -- t5
    'Pangrati','Pangrati','Pangrati','Mets','Pangrati','Kaisariani','Vyronas',    -- t6
    'Monastiraki','Psyrri','Monastiraki','Thissio','Kerameikos','Monastiraki','Gazi', -- t7
    'Nea Smyrni','Nea Smyrni','Kallithea','Nea Smyrni','Agios Dimitrios','Nea Smyrni','Moschato', -- t8
    'Maroussi','Maroussi','Chalandri','Maroussi','Maroussi',                      -- t9
    'Kallithea','Kallithea','Nea Smyrni','Kallithea','Kallithea','Alimos',        -- t10
    -- freelancers
    'Zografou','Nea Ionia','Peristeri','Galatsi','Kifisia','Glyfada','Pangrati','Chalandri',
    'Exarcheia','Piraeus','Kolonaki','Maroussi','Nea Smyrni','Kallithea','Vyronas','Psyrri',
    'Thissio','Omonia','Kifisia','Glyfada','Exarcheia','Pangrati','Piraeus','Maroussi',
    'Nea Smyrni','Chalandri','Kolonaki','Galatsi','Zografou','Peristeri','Nea Ionia','Kifisia',
    'Glyfada'
  ];
  colors     text[] := ARRAY['#2E7D32','#1565C0','#6A1B9A','#E65100','#00695C','#BF360C','#37474F','#F9A825'];
  i int;
  uid uuid;
  pos_val text;
BEGIN
  FOR i IN 1..array_length(names, 1) LOOP
    uid := ('00000000-0000-0000-0000-' || lpad(i::text, 12, '0'))::uuid;
    pos_val := positions[i];
    INSERT INTO auth.users (
      id, instance_id, email, encrypted_password, email_confirmed_at,
      created_at, updated_at, raw_app_meta_data, raw_user_meta_data,
      is_super_admin, role, aud,
      confirmation_token, email_change, email_change_token_new, recovery_token
    ) VALUES (
      uid,
      '00000000-0000-0000-0000-000000000000',
      'player' || lpad(i::text, 3, '0') || '@kickup.app',
      crypt('kickup123', gen_salt('bf')),
      now(), now(), now(),
      '{"provider":"email","providers":["email"]}'::jsonb,
      json_build_object(
        'full_name',    names[i],
        'position',     pos_val,
        'area',         areas[i],
        'avatar_color', colors[((i-1) % 8) + 1]
      )::jsonb,
      false, 'authenticated', 'authenticated',
      '', '', '', ''
    );
  END LOOP;
END$$;

-- ─── 3. ENRICH PROFILES ────────────────────────────────────────────
DO $$
DECLARE
  nationalities text[] := ARRAY['Greek','Greek','Greek','Greek','Greek','Greek','Greek','Greek','Greek','Greek'];
  i int;
  uid uuid;
  nat text;
  dob date;
  ht  int;
  ft  text;
  feet text[] := ARRAY['right','left','both','right','right','left','right','both'];
BEGIN
  FOR i IN 1..100 LOOP
    uid := ('00000000-0000-0000-0000-' || lpad(i::text, 12, '0'))::uuid;
    dob := (DATE '1985-01-01' + (((i * 137 + 41) % (365*15)))::int);  -- ages 24-39
    ht  := 165 + ((i * 7 + 3) % 25);  -- 165-189 cm
    ft  := feet[((i-1) % 8) + 1];
    UPDATE profiles SET
      nationality    = 'Greek',
      date_of_birth  = dob,
      height         = ht,
      preferred_foot = ft,
      bio            = CASE (i % 5)
        WHEN 0 THEN 'Passionate about the game. Looking for good competition.'
        WHEN 1 THEN 'Playing since childhood. Love attacking football.'
        WHEN 2 THEN 'Defensive midfielder who reads the game well.'
        WHEN 3 THEN 'Weekend warrior. Football is life.'
        ELSE 'Always give 100%. Team player first.'
      END
    WHERE id = uid;
  END LOOP;
END$$;

-- ─── 4. ADMIN + FREELANCERS ────────────────────────────────────────
-- p01 is admin
UPDATE profiles SET is_admin = true
WHERE id = '00000000-0000-0000-0000-000000000001';

-- p68-p100 are freelancers (available to join teams)
UPDATE profiles SET
  is_freelancer    = true,
  freelancer_until = CURRENT_DATE + 30
WHERE id IN (
  SELECT ('00000000-0000-0000-0000-' || lpad(i::text, 12, '0'))::uuid
  FROM generate_series(68, 100) AS i
);

-- ─── 5. TEAMS ──────────────────────────────────────────────────────
INSERT INTO teams (id, name, short_name, format, area, emoji, color, description, searching_for_opponent, created_by) VALUES
  ('00000000-0000-0000-0001-000000000001','Kolonaki Kings','KKI','7v7','Kolonaki','🦁','#2E7D32','Top 7v7 squad from Kolonaki. Technically sharp, tactically disciplined.',true,'00000000-0000-0000-0000-000000000001'),
  ('00000000-0000-0000-0001-000000000002','Piraeus Sharks','PSH','7v7','Piraeus','🌊','#1565C0','Physical and direct. We press hard and score harder.',false,'00000000-0000-0000-0000-000000000008'),
  ('00000000-0000-0000-0001-000000000003','Athens Warriors','AWR','7v7','Exarcheia','🔥','#E65100','Street football roots, tournament ambitions.',true,'00000000-0000-0000-0000-000000000015'),
  ('00000000-0000-0000-0001-000000000004','South Eagles','SEA','7v7','Glyfada','🦅','#6A1B9A','South side pride. Fast wingers, solid defense.',false,'00000000-0000-0000-0000-000000000022'),
  ('00000000-0000-0000-0001-000000000005','North Stars','NST','7v7','Kifisia','⚡','#00695C','High-energy pressing game from the north suburbs.',true,'00000000-0000-0000-0000-000000000029'),
  ('00000000-0000-0000-0001-000000000006','Pangrati FC','PFC','7v7','Pangrati','🏹','#BF360C','Old school club with modern tactics.',false,'00000000-0000-0000-0000-000000000036'),
  ('00000000-0000-0000-0001-000000000007','Old City Wolves','OCW','7v7','Monastiraki','🐺','#37474F','Central Athens crew. Play together every weekend.',true,'00000000-0000-0000-0000-000000000043'),
  ('00000000-0000-0000-0001-000000000008','Southside United','SUN','7v7','Nea Smyrni','🌟','#F9A825','United from the south. Tournament regulars.',false,'00000000-0000-0000-0000-000000000050'),
  ('00000000-0000-0000-0001-000000000009','Maroussi Strikers','MST','5v5','Maroussi','🦊','#0D47A1','Quick 5v5 specialists. All about pace and pressing.',true,'00000000-0000-0000-0000-000000000057'),
  ('00000000-0000-0000-0001-000000000010','Kallithea FC','KFC','6v6','Kallithea','🐉','#4E342E','6v6 purists. Technical play, patient build-up.',false,'00000000-0000-0000-0000-000000000062'),
  ('00000000-0000-0000-0001-000000000011','Zografou United','ZOU','7v7','Zografou','🏆','#1A237E','Freelancer squad. Hungry for tournament glory.',true,'00000000-0000-0000-0000-000000000068'),
  ('00000000-0000-0000-0001-000000000012','Peristeri Phoenix','PPX','7v7','Peristeri','🔥','#C62828','Rising from the west. Strong defensive unit.',false,'00000000-0000-0000-0000-000000000074'),
  ('00000000-0000-0000-0001-000000000013','Galatsi Gunners','GAG','7v7','Galatsi','⚔️','#2E7D32','Technical midfield. Possession-based play.',true,'00000000-0000-0000-0000-000000000080'),
  ('00000000-0000-0000-0001-000000000014','Chalandri Chargers','CHC','7v7','Chalandri','⚡','#6A1B9A','Fast counter-attacking style. North suburbs pride.',false,'00000000-0000-0000-0000-000000000086'),
  ('00000000-0000-0000-0001-000000000015','Vyronas Vipers','VVR','7v7','Vyronas','🐍','#E65100','Aggressive pressing. Never give up.',true,'00000000-0000-0000-0000-000000000091'),
  ('00000000-0000-0000-0001-000000000016','Psyrri Panthers','PSP','7v7','Psyrri','🐆','#00695C','Night owls. Weekend warriors from the heart of Athens.',false,'00000000-0000-0000-0000-000000000096'),
  ('a0000000-0000-0000-0000-000000000001','TBD (Home)','TBD','7v7','System','❓','#9E9E9E','Placeholder for unassigned knockout slot',false,null),
  ('a0000000-0000-0000-0000-000000000002','TBD (Away)','TBD','7v7','System','❓','#9E9E9E','Placeholder for unassigned knockout slot',false,null);

-- ─── 6. TEAM MEMBERS ───────────────────────────────────────────────
INSERT INTO team_members (team_id, player_id, role, status) VALUES
  ('00000000-0000-0000-0001-000000000001','00000000-0000-0000-0000-000000000001','captain','active'),
  ('00000000-0000-0000-0001-000000000001','00000000-0000-0000-0000-000000000002','player','active'),
  ('00000000-0000-0000-0001-000000000001','00000000-0000-0000-0000-000000000003','player','active'),
  ('00000000-0000-0000-0001-000000000001','00000000-0000-0000-0000-000000000004','player','active'),
  ('00000000-0000-0000-0001-000000000001','00000000-0000-0000-0000-000000000005','player','active'),
  ('00000000-0000-0000-0001-000000000001','00000000-0000-0000-0000-000000000006','player','active'),
  ('00000000-0000-0000-0001-000000000001','00000000-0000-0000-0000-000000000007','player','active'),
  ('00000000-0000-0000-0001-000000000002','00000000-0000-0000-0000-000000000008','captain','active'),
  ('00000000-0000-0000-0001-000000000002','00000000-0000-0000-0000-000000000009','player','active'),
  ('00000000-0000-0000-0001-000000000002','00000000-0000-0000-0000-000000000010','player','active'),
  ('00000000-0000-0000-0001-000000000002','00000000-0000-0000-0000-000000000011','player','active'),
  ('00000000-0000-0000-0001-000000000002','00000000-0000-0000-0000-000000000012','player','active'),
  ('00000000-0000-0000-0001-000000000002','00000000-0000-0000-0000-000000000013','player','active'),
  ('00000000-0000-0000-0001-000000000002','00000000-0000-0000-0000-000000000014','player','active'),
  ('00000000-0000-0000-0001-000000000003','00000000-0000-0000-0000-000000000015','captain','active'),
  ('00000000-0000-0000-0001-000000000003','00000000-0000-0000-0000-000000000016','player','active'),
  ('00000000-0000-0000-0001-000000000003','00000000-0000-0000-0000-000000000017','player','active'),
  ('00000000-0000-0000-0001-000000000003','00000000-0000-0000-0000-000000000018','player','active'),
  ('00000000-0000-0000-0001-000000000003','00000000-0000-0000-0000-000000000019','player','active'),
  ('00000000-0000-0000-0001-000000000003','00000000-0000-0000-0000-000000000020','player','active'),
  ('00000000-0000-0000-0001-000000000003','00000000-0000-0000-0000-000000000021','player','active'),
  ('00000000-0000-0000-0001-000000000004','00000000-0000-0000-0000-000000000022','captain','active'),
  ('00000000-0000-0000-0001-000000000004','00000000-0000-0000-0000-000000000023','player','active'),
  ('00000000-0000-0000-0001-000000000004','00000000-0000-0000-0000-000000000024','player','active'),
  ('00000000-0000-0000-0001-000000000004','00000000-0000-0000-0000-000000000025','player','active'),
  ('00000000-0000-0000-0001-000000000004','00000000-0000-0000-0000-000000000026','player','active'),
  ('00000000-0000-0000-0001-000000000004','00000000-0000-0000-0000-000000000027','player','active'),
  ('00000000-0000-0000-0001-000000000004','00000000-0000-0000-0000-000000000028','player','active'),
  ('00000000-0000-0000-0001-000000000005','00000000-0000-0000-0000-000000000029','captain','active'),
  ('00000000-0000-0000-0001-000000000005','00000000-0000-0000-0000-000000000030','player','active'),
  ('00000000-0000-0000-0001-000000000005','00000000-0000-0000-0000-000000000031','player','active'),
  ('00000000-0000-0000-0001-000000000005','00000000-0000-0000-0000-000000000032','player','active'),
  ('00000000-0000-0000-0001-000000000005','00000000-0000-0000-0000-000000000033','player','active'),
  ('00000000-0000-0000-0001-000000000005','00000000-0000-0000-0000-000000000034','player','active'),
  ('00000000-0000-0000-0001-000000000005','00000000-0000-0000-0000-000000000035','player','active'),
  ('00000000-0000-0000-0001-000000000006','00000000-0000-0000-0000-000000000036','captain','active'),
  ('00000000-0000-0000-0001-000000000006','00000000-0000-0000-0000-000000000037','player','active'),
  ('00000000-0000-0000-0001-000000000006','00000000-0000-0000-0000-000000000038','player','active'),
  ('00000000-0000-0000-0001-000000000006','00000000-0000-0000-0000-000000000039','player','active'),
  ('00000000-0000-0000-0001-000000000006','00000000-0000-0000-0000-000000000040','player','active'),
  ('00000000-0000-0000-0001-000000000006','00000000-0000-0000-0000-000000000041','player','active'),
  ('00000000-0000-0000-0001-000000000006','00000000-0000-0000-0000-000000000042','player','active'),
  ('00000000-0000-0000-0001-000000000007','00000000-0000-0000-0000-000000000043','captain','active'),
  ('00000000-0000-0000-0001-000000000007','00000000-0000-0000-0000-000000000044','player','active'),
  ('00000000-0000-0000-0001-000000000007','00000000-0000-0000-0000-000000000045','player','active'),
  ('00000000-0000-0000-0001-000000000007','00000000-0000-0000-0000-000000000046','player','active'),
  ('00000000-0000-0000-0001-000000000007','00000000-0000-0000-0000-000000000047','player','active'),
  ('00000000-0000-0000-0001-000000000007','00000000-0000-0000-0000-000000000048','player','active'),
  ('00000000-0000-0000-0001-000000000007','00000000-0000-0000-0000-000000000049','player','active'),
  ('00000000-0000-0000-0001-000000000008','00000000-0000-0000-0000-000000000050','captain','active'),
  ('00000000-0000-0000-0001-000000000008','00000000-0000-0000-0000-000000000051','player','active'),
  ('00000000-0000-0000-0001-000000000008','00000000-0000-0000-0000-000000000052','player','active'),
  ('00000000-0000-0000-0001-000000000008','00000000-0000-0000-0000-000000000053','player','active'),
  ('00000000-0000-0000-0001-000000000008','00000000-0000-0000-0000-000000000054','player','active'),
  ('00000000-0000-0000-0001-000000000008','00000000-0000-0000-0000-000000000055','player','active'),
  ('00000000-0000-0000-0001-000000000008','00000000-0000-0000-0000-000000000056','player','active'),
  ('00000000-0000-0000-0001-000000000009','00000000-0000-0000-0000-000000000057','captain','active'),
  ('00000000-0000-0000-0001-000000000009','00000000-0000-0000-0000-000000000058','player','active'),
  ('00000000-0000-0000-0001-000000000009','00000000-0000-0000-0000-000000000059','player','active'),
  ('00000000-0000-0000-0001-000000000009','00000000-0000-0000-0000-000000000060','player','active'),
  ('00000000-0000-0000-0001-000000000009','00000000-0000-0000-0000-000000000061','player','active'),
  ('00000000-0000-0000-0001-000000000010','00000000-0000-0000-0000-000000000062','captain','active'),
  ('00000000-0000-0000-0001-000000000010','00000000-0000-0000-0000-000000000063','player','active'),
  ('00000000-0000-0000-0001-000000000010','00000000-0000-0000-0000-000000000064','player','active'),
  ('00000000-0000-0000-0001-000000000010','00000000-0000-0000-0000-000000000065','player','active'),
  ('00000000-0000-0000-0001-000000000010','00000000-0000-0000-0000-000000000066','player','active'),
  ('00000000-0000-0000-0001-000000000010','00000000-0000-0000-0000-000000000067','player','active'),
  ('00000000-0000-0000-0001-000000000011','00000000-0000-0000-0000-000000000068','captain','active'),
  ('00000000-0000-0000-0001-000000000011','00000000-0000-0000-0000-000000000069','player','active'),
  ('00000000-0000-0000-0001-000000000011','00000000-0000-0000-0000-000000000070','player','active'),
  ('00000000-0000-0000-0001-000000000011','00000000-0000-0000-0000-000000000071','player','active'),
  ('00000000-0000-0000-0001-000000000011','00000000-0000-0000-0000-000000000072','player','active'),
  ('00000000-0000-0000-0001-000000000011','00000000-0000-0000-0000-000000000073','player','active'),
  ('00000000-0000-0000-0001-000000000012','00000000-0000-0000-0000-000000000074','captain','active'),
  ('00000000-0000-0000-0001-000000000012','00000000-0000-0000-0000-000000000075','player','active'),
  ('00000000-0000-0000-0001-000000000012','00000000-0000-0000-0000-000000000076','player','active'),
  ('00000000-0000-0000-0001-000000000012','00000000-0000-0000-0000-000000000077','player','active'),
  ('00000000-0000-0000-0001-000000000012','00000000-0000-0000-0000-000000000078','player','active'),
  ('00000000-0000-0000-0001-000000000012','00000000-0000-0000-0000-000000000079','player','active'),
  ('00000000-0000-0000-0001-000000000013','00000000-0000-0000-0000-000000000080','captain','active'),
  ('00000000-0000-0000-0001-000000000013','00000000-0000-0000-0000-000000000081','player','active'),
  ('00000000-0000-0000-0001-000000000013','00000000-0000-0000-0000-000000000082','player','active'),
  ('00000000-0000-0000-0001-000000000013','00000000-0000-0000-0000-000000000083','player','active'),
  ('00000000-0000-0000-0001-000000000013','00000000-0000-0000-0000-000000000084','player','active'),
  ('00000000-0000-0000-0001-000000000013','00000000-0000-0000-0000-000000000085','player','active'),
  ('00000000-0000-0000-0001-000000000014','00000000-0000-0000-0000-000000000086','captain','active'),
  ('00000000-0000-0000-0001-000000000014','00000000-0000-0000-0000-000000000087','player','active'),
  ('00000000-0000-0000-0001-000000000014','00000000-0000-0000-0000-000000000088','player','active'),
  ('00000000-0000-0000-0001-000000000014','00000000-0000-0000-0000-000000000089','player','active'),
  ('00000000-0000-0000-0001-000000000014','00000000-0000-0000-0000-000000000090','player','active'),
  ('00000000-0000-0000-0001-000000000015','00000000-0000-0000-0000-000000000091','captain','active'),
  ('00000000-0000-0000-0001-000000000015','00000000-0000-0000-0000-000000000092','player','active'),
  ('00000000-0000-0000-0001-000000000015','00000000-0000-0000-0000-000000000093','player','active'),
  ('00000000-0000-0000-0001-000000000015','00000000-0000-0000-0000-000000000094','player','active'),
  ('00000000-0000-0000-0001-000000000015','00000000-0000-0000-0000-000000000095','player','active'),
  ('00000000-0000-0000-0001-000000000016','00000000-0000-0000-0000-000000000096','captain','active'),
  ('00000000-0000-0000-0001-000000000016','00000000-0000-0000-0000-000000000097','player','active'),
  ('00000000-0000-0000-0001-000000000016','00000000-0000-0000-0000-000000000098','player','active'),
  ('00000000-0000-0000-0001-000000000016','00000000-0000-0000-0000-000000000099','player','active'),
  ('00000000-0000-0000-0001-000000000016','00000000-0000-0000-0000-000000000100','player','active');

-- Set captain_id and home_ground for teams (captains = first member of each team)
UPDATE teams SET captain_id='00000000-0000-0000-0000-000000000001', home_ground='Kolonaki Sports Center' WHERE id='00000000-0000-0000-0001-000000000001';
UPDATE teams SET captain_id='00000000-0000-0000-0000-000000000008', home_ground='Piraeus Municipal Stadium' WHERE id='00000000-0000-0000-0001-000000000002';
UPDATE teams SET captain_id='00000000-0000-0000-0000-000000000015', home_ground='Exarcheia Community Pitch' WHERE id='00000000-0000-0000-0001-000000000003';
UPDATE teams SET captain_id='00000000-0000-0000-0000-000000000022', home_ground='Glyfada Sports Complex' WHERE id='00000000-0000-0000-0001-000000000004';
UPDATE teams SET captain_id='00000000-0000-0000-0000-000000000029', home_ground='Kifisia Athletic Club' WHERE id='00000000-0000-0000-0001-000000000005';
UPDATE teams SET captain_id='00000000-0000-0000-0000-000000000036', home_ground='Pangrati Stadium' WHERE id='00000000-0000-0000-0001-000000000006';
UPDATE teams SET captain_id='00000000-0000-0000-0000-000000000043', home_ground='Monastiraki Square Pitch' WHERE id='00000000-0000-0000-0001-000000000007';
UPDATE teams SET captain_id='00000000-0000-0000-0000-000000000050', home_ground='Nea Smyrni Arena' WHERE id='00000000-0000-0000-0001-000000000008';
UPDATE teams SET captain_id='00000000-0000-0000-0000-000000000057', home_ground='Maroussi Indoor Arena' WHERE id='00000000-0000-0000-0001-000000000009';
UPDATE teams SET captain_id='00000000-0000-0000-0000-000000000062', home_ground='Kallithea Sports Hall' WHERE id='00000000-0000-0000-0001-000000000010';
UPDATE teams SET captain_id='00000000-0000-0000-0000-000000000068', home_ground='Zografou Sports Center' WHERE id='00000000-0000-0000-0001-000000000011';
UPDATE teams SET captain_id='00000000-0000-0000-0000-000000000074', home_ground='Peristeri Municipal Stadium' WHERE id='00000000-0000-0000-0001-000000000012';
UPDATE teams SET captain_id='00000000-0000-0000-0000-000000000080', home_ground='Galatsi Olympic Hall' WHERE id='00000000-0000-0000-0001-000000000013';
UPDATE teams SET captain_id='00000000-0000-0000-0000-000000000086', home_ground='Chalandri Athletic Club' WHERE id='00000000-0000-0000-0001-000000000014';
UPDATE teams SET captain_id='00000000-0000-0000-0000-000000000091', home_ground='Vyronas Community Pitch' WHERE id='00000000-0000-0000-0001-000000000015';
UPDATE teams SET captain_id='00000000-0000-0000-0000-000000000096', home_ground='Psyrri Urban Arena' WHERE id='00000000-0000-0000-0001-000000000016';

-- ─── 7. TOURNAMENT ─────────────────────────────────────────────────
-- organizer = p01 (admin)
INSERT INTO tournaments (id, name, description, organizer_id, venue, area, match_format, max_teams, teams_per_group, prize, entry_fee, bracket_format, start_date, end_date, status)
VALUES (
  '00000000-0000-0000-0003-000000000001',
  'Athens 7v7 Summer Cup 2026',
  'Annual 7v7 tournament gathering the best amateur clubs from across Athens. Group stage followed by knockout rounds.',
  '00000000-0000-0000-0000-000000000001',
  'Pedion Areos Sports Complex',
  'Exarcheia',
  '7v7', 16, 4,
  '€500 + Trophy',
  '€50',
  'group_stage',
  '2026-03-15',
  '2026-04-12',
  'group_stage'
);

-- Registrations: teams 1-8 approved (7v7 tournament), teams 9-10 not in it
INSERT INTO tournament_registrations (tournament_id, team_id, status) VALUES
  ('00000000-0000-0000-0003-000000000001','00000000-0000-0000-0001-000000000001','approved'),
  ('00000000-0000-0000-0003-000000000001','00000000-0000-0000-0001-000000000002','approved'),
  ('00000000-0000-0000-0003-000000000001','00000000-0000-0000-0001-000000000003','approved'),
  ('00000000-0000-0000-0003-000000000001','00000000-0000-0000-0001-000000000004','approved'),
  ('00000000-0000-0000-0003-000000000001','00000000-0000-0000-0001-000000000005','approved'),
  ('00000000-0000-0000-0003-000000000001','00000000-0000-0000-0001-000000000006','approved'),
  ('00000000-0000-0000-0003-000000000001','00000000-0000-0000-0001-000000000007','approved'),
  ('00000000-0000-0000-0003-000000000001','00000000-0000-0000-0001-000000000008','approved'),
  ('00000000-0000-0000-0003-000000000001','00000000-0000-0000-0001-000000000009','approved'),
  ('00000000-0000-0000-0003-000000000001','00000000-0000-0000-0001-000000000010','approved'),
  ('00000000-0000-0000-0003-000000000001','00000000-0000-0000-0001-000000000011','approved'),
  ('00000000-0000-0000-0003-000000000001','00000000-0000-0000-0001-000000000012','approved'),
  ('00000000-0000-0000-0003-000000000001','00000000-0000-0000-0001-000000000013','approved'),
  ('00000000-0000-0000-0003-000000000001','00000000-0000-0000-0001-000000000014','approved'),
  ('00000000-0000-0000-0003-000000000001','00000000-0000-0000-0001-000000000015','approved'),
  ('00000000-0000-0000-0003-000000000001','00000000-0000-0000-0001-000000000016','approved');

-- Groups: A = t1-t4, B = t5-t8, C = t9-t12, D = t13-t16
INSERT INTO tournament_groups (tournament_id, team_id, group_label) VALUES
  ('00000000-0000-0000-0003-000000000001','00000000-0000-0000-0001-000000000001','A'),
  ('00000000-0000-0000-0003-000000000001','00000000-0000-0000-0001-000000000002','A'),
  ('00000000-0000-0000-0003-000000000001','00000000-0000-0000-0001-000000000003','A'),
  ('00000000-0000-0000-0003-000000000001','00000000-0000-0000-0001-000000000004','A'),
  ('00000000-0000-0000-0003-000000000001','00000000-0000-0000-0001-000000000005','B'),
  ('00000000-0000-0000-0003-000000000001','00000000-0000-0000-0001-000000000006','B'),
  ('00000000-0000-0000-0003-000000000001','00000000-0000-0000-0001-000000000007','B'),
  ('00000000-0000-0000-0003-000000000001','00000000-0000-0000-0001-000000000008','B'),
  ('00000000-0000-0000-0003-000000000001','00000000-0000-0000-0001-000000000009','C'),
  ('00000000-0000-0000-0003-000000000001','00000000-0000-0000-0001-000000000010','C'),
  ('00000000-0000-0000-0003-000000000001','00000000-0000-0000-0001-000000000011','C'),
  ('00000000-0000-0000-0003-000000000001','00000000-0000-0000-0001-000000000012','C'),
  ('00000000-0000-0000-0003-000000000001','00000000-0000-0000-0001-000000000013','D'),
  ('00000000-0000-0000-0003-000000000001','00000000-0000-0000-0001-000000000014','D'),
  ('00000000-0000-0000-0003-000000000001','00000000-0000-0000-0001-000000000015','D'),
  ('00000000-0000-0000-0003-000000000001','00000000-0000-0000-0001-000000000016','D');

-- ─── 8. MATCHES (pre_match first, completed last via trigger) ───────
-- IDs: m01-m12 = tournament groups A/B, m13 = 5v5 friendly, m14 = upcoming, m15-m26 = tournament groups C/D
-- Use SECURITY DEFINER to bypass RLS (auth.uid() unavailable when seeding via pooler)
SELECT seed_matches('[
  ["00000000-0000-0000-0002-000000000001","00000000-0000-0000-0001-000000000001","00000000-0000-0000-0001-000000000002","7v7","pre_match","2026-03-15","11:00","Pedion Areos Field A","Exarcheia","00000000-0000-0000-0000-000000000001"],
  ["00000000-0000-0000-0002-000000000002","00000000-0000-0000-0001-000000000003","00000000-0000-0000-0001-000000000004","7v7","pre_match","2026-03-15","13:00","Pedion Areos Field A","Exarcheia","00000000-0000-0000-0000-000000000001"],
  ["00000000-0000-0000-0002-000000000003","00000000-0000-0000-0001-000000000001","00000000-0000-0000-0001-000000000003","7v7","pre_match","2026-03-22","11:00","Pedion Areos Field A","Exarcheia","00000000-0000-0000-0000-000000000001"],
  ["00000000-0000-0000-0002-000000000004","00000000-0000-0000-0001-000000000002","00000000-0000-0000-0001-000000000004","7v7","pre_match","2026-03-22","13:00","Pedion Areos Field A","Exarcheia","00000000-0000-0000-0000-000000000001"],
  ["00000000-0000-0000-0002-000000000005","00000000-0000-0000-0001-000000000001","00000000-0000-0000-0001-000000000004","7v7","pre_match","2026-03-29","11:00","Pedion Areos Field A","Exarcheia","00000000-0000-0000-0000-000000000001"],
  ["00000000-0000-0000-0002-000000000006","00000000-0000-0000-0001-000000000002","00000000-0000-0000-0001-000000000003","7v7","pre_match","2026-03-29","13:00","Pedion Areos Field A","Exarcheia","00000000-0000-0000-0000-000000000001"],
  ["00000000-0000-0000-0002-000000000007","00000000-0000-0000-0001-000000000005","00000000-0000-0000-0001-000000000006","7v7","pre_match","2026-03-15","11:00","Pedion Areos Field B","Exarcheia","00000000-0000-0000-0000-000000000001"],
  ["00000000-0000-0000-0002-000000000008","00000000-0000-0000-0001-000000000007","00000000-0000-0000-0001-000000000008","7v7","pre_match","2026-03-15","13:00","Pedion Areos Field B","Exarcheia","00000000-0000-0000-0000-000000000001"],
  ["00000000-0000-0000-0002-000000000009","00000000-0000-0000-0001-000000000005","00000000-0000-0000-0001-000000000007","7v7","pre_match","2026-03-22","11:00","Pedion Areos Field B","Exarcheia","00000000-0000-0000-0000-000000000001"],
  ["00000000-0000-0000-0002-000000000010","00000000-0000-0000-0001-000000000006","00000000-0000-0000-0001-000000000008","7v7","pre_match","2026-03-22","13:00","Pedion Areos Field B","Exarcheia","00000000-0000-0000-0000-000000000001"],
  ["00000000-0000-0000-0002-000000000011","00000000-0000-0000-0001-000000000005","00000000-0000-0000-0001-000000000008","7v7","pre_match","2026-03-29","11:00","Pedion Areos Field B","Exarcheia","00000000-0000-0000-0000-000000000001"],
  ["00000000-0000-0000-0002-000000000012","00000000-0000-0000-0001-000000000006","00000000-0000-0000-0001-000000000007","7v7","pre_match","2026-03-29","13:00","Pedion Areos Field B","Exarcheia","00000000-0000-0000-0000-000000000001"],
  ["00000000-0000-0000-0002-000000000013","00000000-0000-0000-0001-000000000009","00000000-0000-0000-0001-000000000010","5v5","pre_match","2026-03-10","10:00","Maroussi Indoor Arena","Maroussi","00000000-0000-0000-0000-000000000057"],
  ["00000000-0000-0000-0002-000000000014","00000000-0000-0000-0001-000000000001","00000000-0000-0000-0001-000000000005","7v7","scheduling",null,null,null,"Exarcheia","00000000-0000-0000-0000-000000000001"],
  ["00000000-0000-0000-0002-000000000015","00000000-0000-0000-0001-000000000009","00000000-0000-0000-0001-000000000010","7v7","pre_match","2026-03-15","15:00","Pedion Areos Field C","Exarcheia","00000000-0000-0000-0000-000000000001"],
  ["00000000-0000-0000-0002-000000000016","00000000-0000-0000-0001-000000000011","00000000-0000-0000-0001-000000000012","7v7","pre_match","2026-03-15","17:00","Pedion Areos Field C","Exarcheia","00000000-0000-0000-0000-000000000001"],
  ["00000000-0000-0000-0002-000000000017","00000000-0000-0000-0001-000000000009","00000000-0000-0000-0001-000000000011","7v7","pre_match","2026-03-22","15:00","Pedion Areos Field C","Exarcheia","00000000-0000-0000-0000-000000000001"],
  ["00000000-0000-0000-0002-000000000018","00000000-0000-0000-0001-000000000010","00000000-0000-0000-0001-000000000012","7v7","pre_match","2026-03-22","17:00","Pedion Areos Field C","Exarcheia","00000000-0000-0000-0000-000000000001"],
  ["00000000-0000-0000-0002-000000000019","00000000-0000-0000-0001-000000000009","00000000-0000-0000-0001-000000000012","7v7","pre_match","2026-03-29","15:00","Pedion Areos Field C","Exarcheia","00000000-0000-0000-0000-000000000001"],
  ["00000000-0000-0000-0002-000000000020","00000000-0000-0000-0001-000000000010","00000000-0000-0000-0001-000000000011","7v7","pre_match","2026-03-29","17:00","Pedion Areos Field C","Exarcheia","00000000-0000-0000-0000-000000000001"],
  ["00000000-0000-0000-0002-000000000021","00000000-0000-0000-0001-000000000013","00000000-0000-0000-0001-000000000014","7v7","pre_match","2026-03-15","15:00","Pedion Areos Field D","Exarcheia","00000000-0000-0000-0000-000000000001"],
  ["00000000-0000-0000-0002-000000000022","00000000-0000-0000-0001-000000000015","00000000-0000-0000-0001-000000000016","7v7","pre_match","2026-03-15","17:00","Pedion Areos Field D","Exarcheia","00000000-0000-0000-0000-000000000001"],
  ["00000000-0000-0000-0002-000000000023","00000000-0000-0000-0001-000000000013","00000000-0000-0000-0001-000000000015","7v7","pre_match","2026-03-22","15:00","Pedion Areos Field D","Exarcheia","00000000-0000-0000-0000-000000000001"],
  ["00000000-0000-0000-0002-000000000024","00000000-0000-0000-0001-000000000014","00000000-0000-0000-0001-000000000016","7v7","pre_match","2026-03-22","17:00","Pedion Areos Field D","Exarcheia","00000000-0000-0000-0000-000000000001"],
  ["00000000-0000-0000-0002-000000000025","00000000-0000-0000-0001-000000000013","00000000-0000-0000-0001-000000000016","7v7","pre_match","2026-03-29","15:00","Pedion Areos Field D","Exarcheia","00000000-0000-0000-0000-000000000001"],
  ["00000000-0000-0000-0002-000000000026","00000000-0000-0000-0001-000000000014","00000000-0000-0000-0001-000000000015","7v7","pre_match","2026-03-29","17:00","Pedion Areos Field D","Exarcheia","00000000-0000-0000-0000-000000000001"]
]'::jsonb);

-- ─── 9. TOURNAMENT MATCHES ─────────────────────────────────────────
-- Use SECURITY DEFINER to bypass RLS (auth.uid() unavailable when seeding via pooler)
SELECT seed_tournament_matches(
  '00000000-0000-0000-0003-000000000001'::uuid,
  '[
    ["00000000-0000-0000-0002-000000000001","group","A",1],
    ["00000000-0000-0000-0002-000000000002","group","A",2],
    ["00000000-0000-0000-0002-000000000003","group","A",3],
    ["00000000-0000-0000-0002-000000000004","group","A",4],
    ["00000000-0000-0000-0002-000000000005","group","A",5],
    ["00000000-0000-0000-0002-000000000006","group","A",6],
    ["00000000-0000-0000-0002-000000000007","group","B",7],
    ["00000000-0000-0000-0002-000000000008","group","B",8],
    ["00000000-0000-0000-0002-000000000009","group","B",9],
    ["00000000-0000-0000-0002-000000000010","group","B",10],
    ["00000000-0000-0000-0002-000000000011","group","B",11],
    ["00000000-0000-0000-0002-000000000012","group","B",12],
    ["00000000-0000-0000-0002-000000000015","group","C",13],
    ["00000000-0000-0000-0002-000000000016","group","C",14],
    ["00000000-0000-0000-0002-000000000017","group","C",15],
    ["00000000-0000-0000-0002-000000000018","group","C",16],
    ["00000000-0000-0000-0002-000000000019","group","C",17],
    ["00000000-0000-0000-0002-000000000020","group","C",18],
    ["00000000-0000-0000-0002-000000000021","group","D",19],
    ["00000000-0000-0000-0002-000000000022","group","D",20],
    ["00000000-0000-0000-0002-000000000023","group","D",21],
    ["00000000-0000-0000-0002-000000000024","group","D",22],
    ["00000000-0000-0000-0002-000000000025","group","D",23],
    ["00000000-0000-0000-0002-000000000026","group","D",24]
  ]'::jsonb
);

-- ─── 10. LINEUPS ───────────────────────────────────────────────────
DO $$
DECLARE
  match_teams int[][] := ARRAY[
    ARRAY[1,2], ARRAY[3,4], ARRAY[1,3], ARRAY[2,4],
    ARRAY[1,4], ARRAY[2,3], ARRAY[5,6], ARRAY[7,8],
    ARRAY[5,7], ARRAY[6,8], ARRAY[5,8], ARRAY[6,7],
    ARRAY[9,10], ARRAY[1,5],
    ARRAY[9,10], ARRAY[11,12], ARRAY[9,11], ARRAY[10,12], ARRAY[9,12], ARRAY[10,11],
    ARRAY[13,14], ARRAY[15,16], ARRAY[13,15], ARRAY[14,16], ARRAY[13,16], ARRAY[14,15]
  ];
  starts int[] := ARRAY[1,8,15,22,29,36,43,50,57,62,68,74,80,86,91,96];
  counts int[] := ARRAY[7,7,7,7,7,7,7,7,5,6,6,6,6,5,5,5];
  m int; side int; tidx int; match_id uuid; team_id uuid; player_id uuid; p_start int; p_n int; i int;
BEGIN
  FOR m IN 1..26 LOOP
    match_id := ('00000000-0000-0000-0002-' || lpad(m::text, 12, '0'))::uuid;
    FOR side IN 1..2 LOOP
      tidx   := match_teams[m][side];
      team_id := ('00000000-0000-0000-0001-' || lpad(tidx::text, 12, '0'))::uuid;
      p_start := starts[tidx];
      p_n     := counts[tidx];
      FOR i IN 0..(p_n - 1) LOOP
        player_id := ('00000000-0000-0000-0000-' || lpad((p_start + i)::text, 12, '0'))::uuid;
        INSERT INTO match_lineups (match_id, team_id, player_id)
        VALUES (match_id, team_id, player_id)
        ON CONFLICT DO NOTHING;
      END LOOP;
    END LOOP;
  END LOOP;
END$$;

-- ─── 11. MATCH EVENTS (goals) ────────────────────────────────────────
INSERT INTO match_events (match_id, team_id, scorer_id, minute) VALUES
  ('00000000-0000-0000-0002-000000000001','00000000-0000-0000-0001-000000000001','00000000-0000-0000-0000-000000000001',12),
  ('00000000-0000-0000-0002-000000000001','00000000-0000-0000-0001-000000000001','00000000-0000-0000-0000-000000000006',34),
  ('00000000-0000-0000-0002-000000000001','00000000-0000-0000-0001-000000000001','00000000-0000-0000-0000-000000000001',67),
  ('00000000-0000-0000-0002-000000000001','00000000-0000-0000-0001-000000000002','00000000-0000-0000-0000-000000000014',55),
  ('00000000-0000-0000-0002-000000000002','00000000-0000-0000-0001-000000000003','00000000-0000-0000-0000-000000000016',23),
  ('00000000-0000-0000-0002-000000000002','00000000-0000-0000-0001-000000000003','00000000-0000-0000-0000-000000000021',58),
  ('00000000-0000-0000-0002-000000000002','00000000-0000-0000-0001-000000000004','00000000-0000-0000-0000-000000000025',31),
  ('00000000-0000-0000-0002-000000000002','00000000-0000-0000-0001-000000000004','00000000-0000-0000-0000-000000000028',72),
  ('00000000-0000-0000-0002-000000000003','00000000-0000-0000-0001-000000000001','00000000-0000-0000-0000-000000000002',18),
  ('00000000-0000-0000-0002-000000000003','00000000-0000-0000-0001-000000000001','00000000-0000-0000-0000-000000000006',62),
  ('00000000-0000-0000-0002-000000000003','00000000-0000-0000-0001-000000000003','00000000-0000-0000-0000-000000000016',44),
  ('00000000-0000-0000-0002-000000000004','00000000-0000-0000-0001-000000000002','00000000-0000-0000-0000-000000000011',9),
  ('00000000-0000-0000-0002-000000000004','00000000-0000-0000-0001-000000000002','00000000-0000-0000-0000-000000000014',37),
  ('00000000-0000-0000-0002-000000000004','00000000-0000-0000-0001-000000000002','00000000-0000-0000-0000-000000000011',70),
  ('00000000-0000-0000-0002-000000000005','00000000-0000-0000-0001-000000000001','00000000-0000-0000-0000-000000000001',7),
  ('00000000-0000-0000-0002-000000000005','00000000-0000-0000-0001-000000000001','00000000-0000-0000-0000-000000000001',29),
  ('00000000-0000-0000-0002-000000000005','00000000-0000-0000-0001-000000000001','00000000-0000-0000-0000-000000000006',51),
  ('00000000-0000-0000-0002-000000000005','00000000-0000-0000-0001-000000000001','00000000-0000-0000-0000-000000000002',78),
  ('00000000-0000-0000-0002-000000000005','00000000-0000-0000-0001-000000000004','00000000-0000-0000-0000-000000000025',43),
  ('00000000-0000-0000-0002-000000000006','00000000-0000-0000-0001-000000000002','00000000-0000-0000-0000-000000000014',26),
  ('00000000-0000-0000-0002-000000000006','00000000-0000-0000-0001-000000000003','00000000-0000-0000-0000-000000000015',14),
  ('00000000-0000-0000-0002-000000000006','00000000-0000-0000-0001-000000000003','00000000-0000-0000-0000-000000000021',63),
  ('00000000-0000-0000-0002-000000000007','00000000-0000-0000-0001-000000000005','00000000-0000-0000-0000-000000000031',55),
  ('00000000-0000-0000-0002-000000000008','00000000-0000-0000-0001-000000000008','00000000-0000-0000-0000-000000000051',33),
  ('00000000-0000-0000-0002-000000000008','00000000-0000-0000-0001-000000000008','00000000-0000-0000-0000-000000000055',61),
  ('00000000-0000-0000-0002-000000000009','00000000-0000-0000-0001-000000000005','00000000-0000-0000-0000-000000000029',19),
  ('00000000-0000-0000-0002-000000000009','00000000-0000-0000-0001-000000000005','00000000-0000-0000-0000-000000000035',68),
  ('00000000-0000-0000-0002-000000000009','00000000-0000-0000-0001-000000000007','00000000-0000-0000-0000-000000000044',41),
  ('00000000-0000-0000-0002-000000000009','00000000-0000-0000-0001-000000000007','00000000-0000-0000-0000-000000000049',77),
  ('00000000-0000-0000-0002-000000000010','00000000-0000-0000-0001-000000000006','00000000-0000-0000-0000-000000000036',22),
  ('00000000-0000-0000-0002-000000000010','00000000-0000-0000-0001-000000000008','00000000-0000-0000-0000-000000000051',11),
  ('00000000-0000-0000-0002-000000000010','00000000-0000-0000-0001-000000000008','00000000-0000-0000-0000-000000000055',48),
  ('00000000-0000-0000-0002-000000000010','00000000-0000-0000-0001-000000000008','00000000-0000-0000-0000-000000000052',74),
  ('00000000-0000-0000-0002-000000000011','00000000-0000-0000-0001-000000000005','00000000-0000-0000-0000-000000000031',15),
  ('00000000-0000-0000-0002-000000000011','00000000-0000-0000-0001-000000000005','00000000-0000-0000-0000-000000000035',44),
  ('00000000-0000-0000-0002-000000000011','00000000-0000-0000-0001-000000000005','00000000-0000-0000-0000-000000000029',79),
  ('00000000-0000-0000-0002-000000000012','00000000-0000-0000-0001-000000000006','00000000-0000-0000-0000-000000000040',28),
  ('00000000-0000-0000-0002-000000000012','00000000-0000-0000-0001-000000000006','00000000-0000-0000-0000-000000000036',65),
  ('00000000-0000-0000-0002-000000000012','00000000-0000-0000-0001-000000000007','00000000-0000-0000-0000-000000000044',52),
  ('00000000-0000-0000-0002-000000000013','00000000-0000-0000-0001-000000000009','00000000-0000-0000-0000-000000000057',8),
  ('00000000-0000-0000-0002-000000000013','00000000-0000-0000-0001-000000000009','00000000-0000-0000-0000-000000000061',31),
  ('00000000-0000-0000-0002-000000000013','00000000-0000-0000-0001-000000000009','00000000-0000-0000-0000-000000000057',54),
  ('00000000-0000-0000-0002-000000000013','00000000-0000-0000-0001-000000000010','00000000-0000-0000-0000-000000000064',20),
  ('00000000-0000-0000-0002-000000000013','00000000-0000-0000-0001-000000000010','00000000-0000-0000-0000-000000000062',47),
  ('00000000-0000-0000-0002-000000000015','00000000-0000-0000-0001-000000000009','00000000-0000-0000-0000-000000000057',12),
  ('00000000-0000-0000-0002-000000000015','00000000-0000-0000-0001-000000000009','00000000-0000-0000-0000-000000000061',55),
  ('00000000-0000-0000-0002-000000000015','00000000-0000-0000-0001-000000000010','00000000-0000-0000-0000-000000000062',68),
  ('00000000-0000-0000-0002-000000000016','00000000-0000-0000-0001-000000000011','00000000-0000-0000-0000-000000000068',22),
  ('00000000-0000-0000-0002-000000000016','00000000-0000-0000-0001-000000000012','00000000-0000-0000-0000-000000000075',55),
  ('00000000-0000-0000-0002-000000000017','00000000-0000-0000-0001-000000000009','00000000-0000-0000-0000-000000000057',18),
  ('00000000-0000-0000-0002-000000000017','00000000-0000-0000-0001-000000000011','00000000-0000-0000-0000-000000000071',63),
  ('00000000-0000-0000-0002-000000000018','00000000-0000-0000-0001-000000000010','00000000-0000-0000-0000-000000000062',31),
  ('00000000-0000-0000-0002-000000000018','00000000-0000-0000-0001-000000000012','00000000-0000-0000-0000-000000000077',72),
  ('00000000-0000-0000-0002-000000000019','00000000-0000-0000-0001-000000000009','00000000-0000-0000-0000-000000000061',28),
  ('00000000-0000-0000-0002-000000000019','00000000-0000-0000-0001-000000000012','00000000-0000-0000-0000-000000000074',59),
  ('00000000-0000-0000-0002-000000000020','00000000-0000-0000-0001-000000000010','00000000-0000-0000-0000-000000000065',15),
  ('00000000-0000-0000-0002-000000000020','00000000-0000-0000-0001-000000000011','00000000-0000-0000-0000-000000000069',48),
  ('00000000-0000-0000-0002-000000000021','00000000-0000-0000-0001-000000000013','00000000-0000-0000-0000-000000000080',24),
  ('00000000-0000-0000-0002-000000000021','00000000-0000-0000-0001-000000000014','00000000-0000-0000-0000-000000000086',52),
  ('00000000-0000-0000-0002-000000000022','00000000-0000-0000-0001-000000000015','00000000-0000-0000-0000-000000000091',19),
  ('00000000-0000-0000-0002-000000000022','00000000-0000-0000-0001-000000000016','00000000-0000-0000-0000-000000000096',67),
  ('00000000-0000-0000-0002-000000000023','00000000-0000-0000-0001-000000000013','00000000-0000-0000-0000-000000000081',38),
  ('00000000-0000-0000-0002-000000000023','00000000-0000-0000-0001-000000000015','00000000-0000-0000-0000-000000000092',71),
  ('00000000-0000-0000-0002-000000000024','00000000-0000-0000-0001-000000000014','00000000-0000-0000-0000-000000000087',33),
  ('00000000-0000-0000-0002-000000000024','00000000-0000-0000-0001-000000000016','00000000-0000-0000-0000-000000000097',58),
  ('00000000-0000-0000-0002-000000000025','00000000-0000-0000-0001-000000000013','00000000-0000-0000-0000-000000000082',42),
  ('00000000-0000-0000-0002-000000000025','00000000-0000-0000-0001-000000000016','00000000-0000-0000-0000-000000000098',76),
  ('00000000-0000-0000-0002-000000000026','00000000-0000-0000-0001-000000000014','00000000-0000-0000-0000-000000000088',27),
  ('00000000-0000-0000-0002-000000000026','00000000-0000-0000-0001-000000000015','00000000-0000-0000-0000-000000000093',64);

-- ─── 12. COMPLETE MATCHES (triggers update all stats) ──────────────
UPDATE matches SET status='completed', home_score=3, away_score=1 WHERE id='00000000-0000-0000-0002-000000000001';
UPDATE matches SET status='completed', home_score=2, away_score=2 WHERE id='00000000-0000-0000-0002-000000000002';
UPDATE matches SET status='completed', home_score=2, away_score=1 WHERE id='00000000-0000-0000-0002-000000000003';
UPDATE matches SET status='completed', home_score=3, away_score=0 WHERE id='00000000-0000-0000-0002-000000000004';
UPDATE matches SET status='completed', home_score=4, away_score=1 WHERE id='00000000-0000-0000-0002-000000000005';
UPDATE matches SET status='completed', home_score=1, away_score=2 WHERE id='00000000-0000-0000-0002-000000000006';
UPDATE matches SET status='completed', home_score=1, away_score=0 WHERE id='00000000-0000-0000-0002-000000000007';
UPDATE matches SET status='completed', home_score=0, away_score=2 WHERE id='00000000-0000-0000-0002-000000000008';
UPDATE matches SET status='completed', home_score=2, away_score=2 WHERE id='00000000-0000-0000-0002-000000000009';
UPDATE matches SET status='completed', home_score=1, away_score=3 WHERE id='00000000-0000-0000-0002-000000000010';
UPDATE matches SET status='completed', home_score=3, away_score=0 WHERE id='00000000-0000-0000-0002-000000000011';
UPDATE matches SET status='completed', home_score=2, away_score=1 WHERE id='00000000-0000-0000-0002-000000000012';
UPDATE matches SET status='completed', home_score=3, away_score=2 WHERE id='00000000-0000-0000-0002-000000000013';
UPDATE matches SET status='completed', home_score=2, away_score=1 WHERE id='00000000-0000-0000-0002-000000000015';
UPDATE matches SET status='completed', home_score=1, away_score=1 WHERE id='00000000-0000-0000-0002-000000000016';
UPDATE matches SET status='completed', home_score=2, away_score=1 WHERE id='00000000-0000-0000-0002-000000000017';
UPDATE matches SET status='completed', home_score=1, away_score=1 WHERE id='00000000-0000-0000-0002-000000000018';
UPDATE matches SET status='completed', home_score=1, away_score=1 WHERE id='00000000-0000-0000-0002-000000000019';
UPDATE matches SET status='completed', home_score=1, away_score=1 WHERE id='00000000-0000-0000-0002-000000000020';
UPDATE matches SET status='completed', home_score=1, away_score=1 WHERE id='00000000-0000-0000-0002-000000000021';
UPDATE matches SET status='completed', home_score=1, away_score=1 WHERE id='00000000-0000-0000-0002-000000000022';
UPDATE matches SET status='completed', home_score=1, away_score=1 WHERE id='00000000-0000-0000-0002-000000000023';
UPDATE matches SET status='completed', home_score=1, away_score=1 WHERE id='00000000-0000-0000-0002-000000000024';
UPDATE matches SET status='completed', home_score=1, away_score=1 WHERE id='00000000-0000-0000-0002-000000000025';
UPDATE matches SET status='completed', home_score=1, away_score=1 WHERE id='00000000-0000-0000-0002-000000000026';
